firstname;lastname;2014
Scarlett;Nolan;2014
Willow;Rowe;2014
Glenna;Britt;2014
Keiko;Neal;2014
Ramona;Head;2014
Andrew;Munoz;2014
Laith;Hamilton;2014
Pascale;Hendrix;2014
Griffin;Emerson;2014
Echo;Frazier;2014
Benedict;Larson;2014
Uma;Simpson;2014
Nolan;Stanton;2014
Ainsley;Alexander;2014
Serena;Mcmillan;2014
Azalia;Black;2014
Brooke;Bradford;2014
Teegan;Hendrix;2014
Emily;Blackburn;2014
Susan;Bates;2014
Lysandra;Mcclure;2015
Farrah;Barrett;2015
Valentine;Steele;2015
Lamar;Montgomery;2015
Eden;Pittman;2015
Rhea;Rich;2015
Alika;Nichols;2015
William;Orr;2015
Amethyst;Albert;2015
Alfonso;Lindsay;2015
Brittany;Colon;2015
Vincent;Espinoza;2015
Brenden;Beard;2015
Kane;Todd;2015
Sasha;Owens;2015
Marsden;Snow;2015
Brennan;Kidd;2015
Kirk;Kirby;2015
Myles;Pruitt;2015
Kiara;Cummings;2015
Yuri;Dalton;2016
Clio;Watt;2016
Leo;Mathis;2016
Fleur;Burke;2016
Ali;Stevenson;2016
Orlando;Edwards;2016
Ora;Hogan;2016
Jamal;Glenn;2016
Jessamine;Burton;2016
Kathleen;Kaufman;2016
Hayfa;Stanton;2016
Garrett;Drake;2016
Walker;Serrano;2016
Quin;Wyatt;2016
Ignatius;Ross;2016
Colby;Malone;2016
Eaton;Ayala;2016
Oleg;Craft;2016
Cameran;Velazquez;2017
Cailin;Mckay;2017
Nerea;Watts;2017
Athena;Moon;2017
Gregory;Gray;2017
Yoshi;Hardin;2017
Portia;Maynard;2017
Xyla;Walsh;2017
Odysseus;Holloway;2017
Natalie;Marsh;2017
Moses;Anderson;2017
Maryam;Burnett;2017
Kylan;Sykes;2017
Britanney;Walton;2017
Donovan;Snyder;2017
Simone;French;2017
Brian;Leon;2017
Harrison;Clarke;2017
Howard;Vincent;2018
Kieran;Berg;2018
Ezra;Martin;2018
Tara;Hatfield;2018
Vaughan;Hickman;2018
Harriet;Bryant;2018
Alisa;Garrett;2018
Chancellor;Mcconnell;2018
Bryar;Hanson;2018
Todd;Wolf;2018
Charissa;Bird;2018
Kyra;Mueller;2018
Kylie;Colon;2018
Britanney;Flynn;2018
Nelle;Mccormick;2018
Nell;Graham;2018
Janna;Browning;2018
Odessa;Hobbs;2018
Hanae;Wilkinson;2019
Magee;Kelly;2019
Hayfa;Gilbert;2019
Melanie;Wilkins;2019
